Malia Piedra  ,"35 School Ln, Roxton, UK"
Margot Folse  ,"5 Rose Kiln Ln, Leyburn, UK"
Lilli Hepner  ,"47 Fintryside, Highbridge, UK"
Gertude Fay  ,"2 The Poplars, Rowde, UK"
Tarsha Lavelle  ,"24 Back N Cres, Roxton, UK"
Cornelia Shafer  ,"7 Dame Ln, Leyburn, UK"
Emory Spann  ,"5 Packington Pl, Clarkston, UK"
Norma Luera  ,"8 Stamperland Hill, Clarkston, UK"
Deja Skeeter  ,"8 Orchard Cl, East Brent, Highbridge, UK"
Claud Rahimi  ,"42 Russel St, Edinburgh, UK"
Eleonore Sakamoto  ,"4 Broughton Terrace, Highbridge, UK"
Rolando Ortegon  ,"1 Preston Ave, Clarkston, UK"
Devin Aday  ,"68 Netherbank, Edinburgh, UK"
Denver Theisen  ,"2 Low Moor Ln, Barnoldswick, UK"
Susann Aschenbrenner  ,"26 Sugden Rd, Highbridge, UK"
Ellena Wildes  ,"58 Fairfax Cres, Highbridge, UK"
Crissy Alsup  ,"Station Rd, Tetbury, UK"
Gilberte Prestridge  ,"3 Toll Bar Rd, Tetbury, UK"
Eustolia Mcculloch  ,"48 Oreston Rd, Highbridge, UK"
Shenika Friedel  ,"2 Southfield, Tetbury, UK"